{"Ancestry": {"Base": {"LIF":0,"ATK":0,"DEF":0,"MAG":0,"ACT":0}, "Conan":{"LIF":0,"ATK":1,"DEF":0,"MAG":0,"ACT":0}, "DarkElf":{"LIF":0,"ATK":0,"DEF":0,"MAG":0,"ACT":1}, "DesertLord":{"LIF":0,"ATK":0,"DEF":1,"MAG":0,"ACT":0}, "DesertScarred":{"LIF":-1,"ATK":0,"DEF":2,"MAG":0,"ACT":0}, "Doge":{"LIF":0,"ATK":0,"DEF":0,"MAG":-1,"ACT":2}, "Flayed":{"LIF":-2,"ATK":3,"DEF":0,"MAG":0,"ACT":0}, "Gatsu":{"LIF":1,"ATK":1,"DEF":1,"MAG":-2,"ACT":0}, "Geralt":{"LIF":1,"ATK":2,"DEF":0,"MAG":-1,"ACT":-1}, "HighElf":{"LIF":0,"ATK":0,"DEF":0,"MAG":1,"ACT":0}, "PaleCultDoge":{"LIF":0,"ATK":0,"DEF":0,"MAG":2,"ACT":-1}, "PaleCultist":{"LIF":1,"ATK":0,"DEF":-1,"MAG":1,"ACT":0}, "ScarredLord":{"LIF":-1,"ATK":1,"DEF":0,"MAG":0,"ACT":1}, "Skeleton":{"LIF":3,"ATK":-1,"DEF":0,"MAG":-1,"ACT":0}, "ZombieLord":{"LIF":3,"ATK":0,"DEF":0,"MAG":0,"ACT":-2}}, "ClassArmor": {"Ranger": {"LIF":-2,"ATK":-2,"DEF":-2,"MAG":-2,"ACT":8}, "Assassin":{"LIF":-4,"ATK":4,"DEF":-4,"MAG":-4,"ACT":8}, "Druid":{"LIF":0,"ATK":-2,"DEF":0,"MAG":2,"ACT":0}, "PlagueDoctor":{"LIF":-2,"ATK":-4,"DEF":-2,"MAG":6,"ACT":2},"Warlock":{"LIF":-2,"ATK":-4,"DEF":0,"MAG":8,"ACT":-2}, "Sorcerer":{"LIF":-4,"ATK":-6,"DEF":-4,"MAG":16,"ACT":-2},"Bard":{"LIF":-2,"ATK":-4,"DEF":0,"MAG":2,"ACT":4}, "Paladin":{"LIF":4,"ATK":0,"DEF":4,"MAG":-2,"ACT":-6},"Pyromancer":{"LIF":-2,"ATK":-6,"DEF":-2,"MAG":12,"ACT":-2}, "Necromancer":{"LIF":0,"ATK":-4,"DEF":0,"MAG":6,"ACT":-2}, "Knight":{"LIF":2,"ATK":4,"DEF":2,"MAG":-4,"ACT":-4}, "Oathbreaker":{"LIF":0,"ATK":10,"DEF":-2,"MAG":-4,"ACT":-4}}, "Headgear": {"none": {"LIF":0,"ATK":0,"DEF":0,"MAG":0,"ACT":0}, "AssassinHood":{"LIF":0,"ATK":0,"DEF":1,"MAG":0,"ACT":1}, "BigBlueHat":{"LIF":0,"ATK":0,"DEF":1,"MAG":1,"ACT":0}, "BigRedHat":{"LIF":0,"ATK":1,"DEF":0,"MAG":1,"ACT":0}, "CimmerianHelm":{"LIF":0,"ATK":0,"DEF":3,"MAG":-1,"ACT":0}, "CosmicHorror":{"LIF":4,"ATK":0,"DEF":-1,"MAG":0,"ACT":-1}, "FullHelm":{"LIF":0,"ATK":0,"DEF":3,"MAG":0,"ACT":-1}, "GreenHood":{"LIF":1,"ATK":0,"DEF":1,"MAG":0,"ACT":0}, "Halo":{"LIF":2,"ATK":0,"DEF":0,"MAG":0,"ACT":0}, "JeweledTurban":{"LIF":0,"ATK":-1,"DEF":1,"MAG":2,"ACT":0}, "MinstrelHat":{"LIF":1,"ATK":0,"DEF":-1,"MAG":1,"ACT":1}, "MithralTiara":{"LIF":0,"ATK":0,"DEF":0,"MAG":2,"ACT":0}, "PepeMutation":{"LIF":0,"ATK":0,"DEF":0,"MAG":0,"ACT":2}, "PlagueDoctor":{"LIF":1,"ATK":0,"DEF":0,"MAG":1,"ACT":0}, "PurpleHood":{"LIF":0,"ATK":-1,"DEF":1,"MAG":1,"ACT":1}, "Tombhead":{"LIF":2,"ATK":0,"DEF":1,"MAG":0,"ACT":-1}, "VoidGazer":{"LIF":0,"ATK":0,"DEF":0,"MAG":1,"ACT":1}}}
