{"Weapon": {"CharredFire": {"LIF":0,"ATK":0,"DEF":0,"MAG":5,"ACT":-1}, "CoralHydro":{"LIF":1,"ATK":0,"DEF":0,"MAG":3,"ACT":0}, "Crossbow":{"LIF":0,"ATK":2,"DEF":0,"MAG":1-1,"ACT":3}, "SchyteSoul":{"LIF":2,"ATK":0,"DEF":0,"MAG":2,"ACT":0}, "DragonSlayer":{"LIF":0,"ATK":5,"DEF":0,"MAG":0,"ACT":-1}, "ElementalGrim":{"LIF":0,"ATK":-1,"DEF":0,"MAG":5,"ACT":0}, "HolyAvenger":{"LIF":1,"ATK":2,"DEF":1,"MAG":1,"ACT":-1}, "Katars":{"LIF":0,"ATK":2,"DEF":-1,"MAG":0,"ACT":3}, "Longbow":{"LIF":0,"ATK":2,"DEF":0,"MAG":0,"ACT":2}, "Longsword":{"LIF":0,"ATK":2,"DEF":2,"MAG":0,"ACT":0}, "Moonlight":{"LIF":0,"ATK":3,"DEF":0,"MAG":1,"ACT":0}, "RapierHarp":{"LIF":1,"ATK":1,"DEF":-1,"MAG":1,"ACT":2}, "SciMiss":{"LIF":0,"ATK":1,"DEF":0,"MAG":2,"ACT":1}, "SickAnkh":{"LIF":1,"ATK":1,"DEF":0,"MAG":1,"ACT":1}, "Stormbringer":{"LIF":-1,"ATK":3,"DEF":0,"MAG":3,"ACT":-1}, "WandBell":{"LIF":1,"ATK":0,"DEF":0,"MAG":4,"ACT":-1}, "WoodSparrow":{"LIF":0,"ATK":0,"DEF":0,"MAG":2,"ACT":2}}}